name,date,hour,count
rainnie,2018-08-30,0,0
rainnie,2018-08-30,1,0
rainnie,2018-08-30,2,0
rainnie,2018-08-30,3,0
rainnie,2018-08-30,4,0
rainnie,2018-08-30,5,0
rainnie,2018-08-30,6,0
rainnie,2018-08-30,7,0
rainnie,2018-08-30,8,0
rainnie,2018-08-30,9,0
rainnie,2018-08-30,10,4
rainnie,2018-08-30,11,9
rainnie,2018-08-30,12,10
rainnie,2018-08-30,13,14
rainnie,2018-08-30,14,7
rainnie,2018-08-30,15,5
rainnie,2018-08-30,16,16
rainnie,2018-08-30,17,16
rainnie,2018-08-30,18,8
rainnie,2018-08-30,19,3
rainnie,2018-08-30,20,2
rainnie,2018-08-30,21,3
rainnie,2018-08-30,22,5
rainnie,2018-08-30,23,2
rainnie,2018-08-31,0,1
rainnie,2018-08-31,1,1
rainnie,2018-08-31,2,1
rainnie,2018-08-31,3,1
rainnie,2018-08-31,4,0
rainnie,2018-08-31,5,0
rainnie,2018-08-31,6,4
rainnie,2018-08-31,7,9
rainnie,2018-08-31,8,31
rainnie,2018-08-31,9,17
rainnie,2018-08-31,10,9
rainnie,2018-08-31,11,8
rainnie,2018-08-31,12,11
rainnie,2018-08-31,13,12
rainnie,2018-08-31,14,9
rainnie,2018-08-31,15,16
rainnie,2018-08-31,16,17
rainnie,2018-08-31,17,5
rainnie,2018-08-31,18,7
rainnie,2018-08-31,19,9
rainnie,2018-08-31,20,2
rainnie,2018-08-31,21,3
rainnie,2018-08-31,22,10
rainnie,2018-08-31,23,1
rainnie,2018-09-01,0,1
rainnie,2018-09-01,1,0
rainnie,2018-09-01,2,1
rainnie,2018-09-01,3,0
rainnie,2018-09-01,4,1
rainnie,2018-09-01,5,0
rainnie,2018-09-01,6,1
rainnie,2018-09-01,7,2
rainnie,2018-09-01,8,4
rainnie,2018-09-01,9,2
rainnie,2018-09-01,10,8
rainnie,2018-09-01,11,5
rainnie,2018-09-01,12,4
rainnie,2018-09-01,13,1
rainnie,2018-09-01,14,2
rainnie,2018-09-01,15,3
rainnie,2018-09-01,16,11
rainnie,2018-09-01,17,4
rainnie,2018-09-01,18,9
rainnie,2018-09-01,19,2
rainnie,2018-09-01,20,5
rainnie,2018-09-01,21,3
rainnie,2018-09-01,22,7
rainnie,2018-09-01,23,1
rainnie,2018-09-02,0,1
rainnie,2018-09-02,1,0
rainnie,2018-09-02,2,3
rainnie,2018-09-02,3,1
rainnie,2018-09-02,4,1
rainnie,2018-09-02,5,1
rainnie,2018-09-02,6,0
rainnie,2018-09-02,7,2
rainnie,2018-09-02,8,1
rainnie,2018-09-02,9,4
rainnie,2018-09-02,10,4
rainnie,2018-09-02,11,1
rainnie,2018-09-02,12,3
rainnie,2018-09-02,13,7
rainnie,2018-09-02,14,9
rainnie,2018-09-02,15,5
rainnie,2018-09-02,16,8
rainnie,2018-09-02,17,2
rainnie,2018-09-02,18,4
rainnie,2018-09-02,19,6
rainnie,2018-09-02,20,5
rainnie,2018-09-02,21,6
rainnie,2018-09-02,22,1
rainnie,2018-09-02,23,1
rainnie,2018-09-03,0,2
rainnie,2018-09-03,1,1
rainnie,2018-09-03,2,1
rainnie,2018-09-03,3,1
rainnie,2018-09-03,4,0
rainnie,2018-09-03,5,0
rainnie,2018-09-03,6,1
rainnie,2018-09-03,7,3
rainnie,2018-09-03,8,2
rainnie,2018-09-03,9,3
rainnie,2018-09-03,10,5
rainnie,2018-09-03,11,2
rainnie,2018-09-03,12,5
rainnie,2018-09-03,13,13
rainnie,2018-09-03,14,4
rainnie,2018-09-03,15,6
rainnie,2018-09-03,16,2
rainnie,2018-09-03,17,14
rainnie,2018-09-03,18,2
rainnie,2018-09-03,19,4
rainnie,2018-09-03,20,0
rainnie,2018-09-03,21,0
rainnie,2018-09-03,22,1
rainnie,2018-09-03,23,3
rainnie,2018-09-04,0,1
rainnie,2018-09-04,1,0
rainnie,2018-09-04,2,0
rainnie,2018-09-04,3,0
rainnie,2018-09-04,4,0
rainnie,2018-09-04,5,2
rainnie,2018-09-04,6,0
rainnie,2018-09-04,7,6
rainnie,2018-09-04,8,36
rainnie,2018-09-04,9,19
rainnie,2018-09-04,10,9
rainnie,2018-09-04,11,7
rainnie,2018-09-04,12,7
rainnie,2018-09-04,13,7
rainnie,2018-09-04,14,12
rainnie,2018-09-04,15,6
rainnie,2018-09-04,16,14
rainnie,2018-09-04,17,13
rainnie,2018-09-04,18,12
rainnie,2018-09-04,19,10
rainnie,2018-09-04,20,2
rainnie,2018-09-04,21,4
rainnie,2018-09-04,22,3
rainnie,2018-09-04,23,2
rainnie,2018-09-05,0,1
rainnie,2018-09-05,1,0
rainnie,2018-09-05,2,1
rainnie,2018-09-05,3,0
rainnie,2018-09-05,4,0
rainnie,2018-09-05,5,0
rainnie,2018-09-05,6,5
rainnie,2018-09-05,7,24
rainnie,2018-09-05,8,39
rainnie,2018-09-05,9,21
rainnie,2018-09-05,10,10
rainnie,2018-09-05,11,9
rainnie,2018-09-05,12,12
rainnie,2018-09-05,13,16
rainnie,2018-09-05,14,9
rainnie,2018-09-05,15,12
rainnie,2018-09-05,16,17
rainnie,2018-09-05,17,18
rainnie,2018-09-05,18,10
rainnie,2018-09-05,19,3
rainnie,2018-09-05,20,12
rainnie,2018-09-05,21,4
rainnie,2018-09-05,22,5
rainnie,2018-09-05,23,1
rainnie,2018-09-06,0,2
rainnie,2018-09-06,1,1
rainnie,2018-09-06,2,1
rainnie,2018-09-06,3,0
rainnie,2018-09-06,4,0
rainnie,2018-09-06,5,1
rainnie,2018-09-06,6,4
rainnie,2018-09-06,7,8
rainnie,2018-09-06,8,39
rainnie,2018-09-06,9,25
rainnie,2018-09-06,10,10
rainnie,2018-09-06,11,9
rainnie,2018-09-06,12,17
rainnie,2018-09-06,13,13
rainnie,2018-09-06,14,19
rainnie,2018-09-06,15,8
rainnie,2018-09-06,16,19
rainnie,2018-09-06,17,17
rainnie,2018-09-06,18,9
rainnie,2018-09-06,19,5
rainnie,2018-09-06,20,2
rainnie,2018-09-06,21,0
rainnie,2018-09-06,22,2
rainnie,2018-09-06,23,2
rainnie,2018-09-07,0,9
rainnie,2018-09-07,1,3
rainnie,2018-09-07,2,2
rainnie,2018-09-07,3,0
rainnie,2018-09-07,4,1
rainnie,2018-09-07,5,1
rainnie,2018-09-07,6,3
rainnie,2018-09-07,7,8
rainnie,2018-09-07,8,39
rainnie,2018-09-07,9,22
rainnie,2018-09-07,10,10
rainnie,2018-09-07,11,10
rainnie,2018-09-07,12,13
rainnie,2018-09-07,13,9
rainnie,2018-09-07,14,14
rainnie,2018-09-07,15,15
rainnie,2018-09-07,16,21
rainnie,2018-09-07,17,8
rainnie,2018-09-07,18,16
rainnie,2018-09-07,19,6
rainnie,2018-09-07,20,5
rainnie,2018-09-07,21,4
rainnie,2018-09-07,22,1
rainnie,2018-09-07,23,4
rainnie,2018-09-08,0,3
rainnie,2018-09-08,1,0
rainnie,2018-09-08,2,0
rainnie,2018-09-08,3,0
rainnie,2018-09-08,4,1
rainnie,2018-09-08,5,0
rainnie,2018-09-08,6,0
rainnie,2018-09-08,7,2
rainnie,2018-09-08,8,2
rainnie,2018-09-08,9,3
rainnie,2018-09-08,10,2
rainnie,2018-09-08,11,8
rainnie,2018-09-08,12,7
rainnie,2018-09-08,13,4
rainnie,2018-09-08,14,14
rainnie,2018-09-08,15,10
rainnie,2018-09-08,16,11
rainnie,2018-09-08,17,6
rainnie,2018-09-08,18,4
rainnie,2018-09-08,19,1
rainnie,2018-09-08,20,6
rainnie,2018-09-08,21,5
rainnie,2018-09-08,22,3
rainnie,2018-09-08,23,4
rainnie,2018-09-09,0,1
rainnie,2018-09-09,1,0
rainnie,2018-09-09,2,0
rainnie,2018-09-09,3,1
rainnie,2018-09-09,4,1
rainnie,2018-09-09,5,0
rainnie,2018-09-09,6,1
rainnie,2018-09-09,7,0
rainnie,2018-09-09,8,3
rainnie,2018-09-09,9,4
rainnie,2018-09-09,10,1
rainnie,2018-09-09,11,5
rainnie,2018-09-09,12,5
rainnie,2018-09-09,13,5
rainnie,2018-09-09,14,12
rainnie,2018-09-09,15,7
rainnie,2018-09-09,16,2
rainnie,2018-09-09,17,4
rainnie,2018-09-09,18,6
rainnie,2018-09-09,19,4
rainnie,2018-09-09,20,1
rainnie,2018-09-09,21,1
rainnie,2018-09-09,22,2
rainnie,2018-09-09,23,1
rainnie,2018-09-10,0,3
rainnie,2018-09-10,1,0
rainnie,2018-09-10,2,2
rainnie,2018-09-10,3,0
rainnie,2018-09-10,4,0
rainnie,2018-09-10,5,0
rainnie,2018-09-10,6,5
rainnie,2018-09-10,7,11
rainnie,2018-09-10,8,42
rainnie,2018-09-10,9,24
rainnie,2018-09-10,10,8
rainnie,2018-09-10,11,10
rainnie,2018-09-10,12,10
rainnie,2018-09-10,13,15
rainnie,2018-09-10,14,8
rainnie,2018-09-10,15,13
rainnie,2018-09-10,16,19
rainnie,2018-09-10,17,23
rainnie,2018-09-10,18,7
rainnie,2018-09-10,19,5
rainnie,2018-09-10,20,3
rainnie,2018-09-10,21,5
rainnie,2018-09-10,22,1
rainnie,2018-09-10,23,3
rainnie,2018-09-11,0,2
rainnie,2018-09-11,1,1
rainnie,2018-09-11,2,1
rainnie,2018-09-11,3,0
rainnie,2018-09-11,4,0
rainnie,2018-09-11,5,1
rainnie,2018-09-11,6,3
rainnie,2018-09-11,7,14
rainnie,2018-09-11,8,23
rainnie,2018-09-11,9,13
rainnie,2018-09-11,10,7
rainnie,2018-09-11,11,6
rainnie,2018-09-11,12,5
rainnie,2018-09-11,13,5
rainnie,2018-09-11,14,9
rainnie,2018-09-11,15,11
rainnie,2018-09-11,16,11
rainnie,2018-09-11,17,21
rainnie,2018-09-11,18,8
rainnie,2018-09-11,19,1
rainnie,2018-09-11,20,3
rainnie,2018-09-11,21,0
rainnie,2018-09-11,22,1
rainnie,2018-09-11,23,2
rainnie,2018-09-12,0,1
rainnie,2018-09-12,1,0
rainnie,2018-09-12,2,0
rainnie,2018-09-12,3,0
rainnie,2018-09-12,4,0
rainnie,2018-09-12,5,0
rainnie,2018-09-12,6,4
rainnie,2018-09-12,7,12
rainnie,2018-09-12,8,48
rainnie,2018-09-12,9,26
rainnie,2018-09-12,10,4
rainnie,2018-09-12,11,6
rainnie,2018-09-12,12,15
rainnie,2018-09-12,13,10
rainnie,2018-09-12,14,7
rainnie,2018-09-12,15,12
rainnie,2018-09-12,16,17
rainnie,2018-09-12,17,20
rainnie,2018-09-12,18,5
rainnie,2018-09-12,19,7
rainnie,2018-09-12,20,4
rainnie,2018-09-12,21,6
rainnie,2018-09-12,22,1
rainnie,2018-09-12,23,4
rainnie,2018-09-13,0,3
rainnie,2018-09-13,1,0
rainnie,2018-09-13,2,7
rainnie,2018-09-13,3,1
rainnie,2018-09-13,4,0
rainnie,2018-09-13,5,0
rainnie,2018-09-13,6,7
rainnie,2018-09-13,7,11
rainnie,2018-09-13,8,37
rainnie,2018-09-13,9,27
rainnie,2018-09-13,10,9
rainnie,2018-09-13,11,9
rainnie,2018-09-13,12,10
rainnie,2018-09-13,13,11
rainnie,2018-09-13,14,12
rainnie,2018-09-13,15,13
rainnie,2018-09-13,16,28
rainnie,2018-09-13,17,21
rainnie,2018-09-13,18,10
rainnie,2018-09-13,19,11
rainnie,2018-09-13,20,3
rainnie,2018-09-13,21,1
rainnie,2018-09-13,22,3
rainnie,2018-09-13,23,5
rainnie,2018-09-14,0,0
rainnie,2018-09-14,1,0
rainnie,2018-09-14,2,2
rainnie,2018-09-14,3,0
rainnie,2018-09-14,4,1
rainnie,2018-09-14,5,1
rainnie,2018-09-14,6,5
rainnie,2018-09-14,7,10
rainnie,2018-09-14,8,39
rainnie,2018-09-14,9,28
rainnie,2018-09-14,10,14
rainnie,2018-09-14,11,8
rainnie,2018-09-14,12,11
rainnie,2018-09-14,13,6
rainnie,2018-09-14,14,12
rainnie,2018-09-14,15,15
rainnie,2018-09-14,16,23
rainnie,2018-09-14,17,20
rainnie,2018-09-14,18,11
rainnie,2018-09-14,19,8
rainnie,2018-09-14,20,10
rainnie,2018-09-14,21,3
rainnie,2018-09-14,22,3
rainnie,2018-09-14,23,2
rainnie,2018-09-15,0,3
rainnie,2018-09-15,1,0
rainnie,2018-09-15,2,1
rainnie,2018-09-15,3,1
rainnie,2018-09-15,4,0
rainnie,2018-09-15,5,0
rainnie,2018-09-15,6,0
rainnie,2018-09-15,7,2
rainnie,2018-09-15,8,2
rainnie,2018-09-15,9,10
rainnie,2018-09-15,10,10
rainnie,2018-09-15,11,8
rainnie,2018-09-15,12,8
rainnie,2018-09-15,13,3
rainnie,2018-09-15,14,10
rainnie,2018-09-15,15,13
rainnie,2018-09-15,16,4
rainnie,2018-09-15,17,6
rainnie,2018-09-15,18,7
rainnie,2018-09-15,19,3
rainnie,2018-09-15,20,4
rainnie,2018-09-15,21,3
rainnie,2018-09-15,22,4
rainnie,2018-09-15,23,4
rainnie,2018-09-16,0,2
rainnie,2018-09-16,1,2
rainnie,2018-09-16,2,0
rainnie,2018-09-16,3,2
rainnie,2018-09-16,4,1
rainnie,2018-09-16,5,1
rainnie,2018-09-16,6,3
rainnie,2018-09-16,7,3
rainnie,2018-09-16,8,2
rainnie,2018-09-16,9,1
rainnie,2018-09-16,10,5
rainnie,2018-09-16,11,6
rainnie,2018-09-16,12,10
rainnie,2018-09-16,13,10
rainnie,2018-09-16,14,5
rainnie,2018-09-16,15,6
rainnie,2018-09-16,16,6
rainnie,2018-09-16,17,4
rainnie,2018-09-16,18,2
rainnie,2018-09-16,19,4
rainnie,2018-09-16,20,1
rainnie,2018-09-16,21,2
rainnie,2018-09-16,22,4
rainnie,2018-09-16,23,1
rainnie,2018-09-17,0,0
rainnie,2018-09-17,1,1
rainnie,2018-09-17,2,1
rainnie,2018-09-17,3,0
rainnie,2018-09-17,4,0
rainnie,2018-09-17,5,2
rainnie,2018-09-17,6,9
rainnie,2018-09-17,7,13
rainnie,2018-09-17,8,43
rainnie,2018-09-17,9,28
rainnie,2018-09-17,10,15
rainnie,2018-09-17,11,10
rainnie,2018-09-17,12,10
rainnie,2018-09-17,13,14
rainnie,2018-09-17,14,6
rainnie,2018-09-17,15,9
rainnie,2018-09-17,16,21
rainnie,2018-09-17,17,18
rainnie,2018-09-17,18,16
rainnie,2018-09-17,19,5
rainnie,2018-09-17,20,3
rainnie,2018-09-17,21,4
rainnie,2018-09-17,22,4
rainnie,2018-09-17,23,3
rainnie,2018-09-18,0,0
rainnie,2018-09-18,1,1
rainnie,2018-09-18,2,0
rainnie,2018-09-18,3,0
rainnie,2018-09-18,4,0
rainnie,2018-09-18,5,0
rainnie,2018-09-18,6,8
rainnie,2018-09-18,7,22
rainnie,2018-09-18,8,45
rainnie,2018-09-18,9,31
rainnie,2018-09-18,10,19
rainnie,2018-09-18,11,6
rainnie,2018-09-18,12,8
rainnie,2018-09-18,13,14
rainnie,2018-09-18,14,15
rainnie,2018-09-18,15,12
rainnie,2018-09-18,16,49
rainnie,2018-09-18,17,20
rainnie,2018-09-18,18,5
rainnie,2018-09-18,19,16
rainnie,2018-09-18,20,1
rainnie,2018-09-18,21,2
rainnie,2018-09-18,22,4
rainnie,2018-09-18,23,2
rainnie,2018-09-19,0,0
rainnie,2018-09-19,1,1
rainnie,2018-09-19,2,0
rainnie,2018-09-19,3,0
rainnie,2018-09-19,4,0
rainnie,2018-09-19,5,1
rainnie,2018-09-19,6,4
rainnie,2018-09-19,7,9
rainnie,2018-09-19,8,37
rainnie,2018-09-19,9,25
rainnie,2018-09-19,10,6
rainnie,2018-09-19,11,5
rainnie,2018-09-19,12,18
rainnie,2018-09-19,13,12
rainnie,2018-09-19,14,7
rainnie,2018-09-19,15,16
rainnie,2018-09-19,16,19
rainnie,2018-09-19,17,12
rainnie,2018-09-19,18,10
rainnie,2018-09-19,19,7
rainnie,2018-09-19,20,5
rainnie,2018-09-19,21,1
rainnie,2018-09-19,22,3
rainnie,2018-09-19,23,2
rainnie,2018-09-20,0,2
rainnie,2018-09-20,1,1
rainnie,2018-09-20,2,0
rainnie,2018-09-20,3,1
rainnie,2018-09-20,4,0
rainnie,2018-09-20,5,0
rainnie,2018-09-20,6,3
rainnie,2018-09-20,7,13
rainnie,2018-09-20,8,47
rainnie,2018-09-20,9,24
rainnie,2018-09-20,10,13
rainnie,2018-09-20,11,14
rainnie,2018-09-20,12,16
rainnie,2018-09-20,13,9
rainnie,2018-09-20,14,12
rainnie,2018-09-20,15,17
rainnie,2018-09-20,16,20
rainnie,2018-09-20,17,18
rainnie,2018-09-20,18,7
rainnie,2018-09-20,19,7
rainnie,2018-09-20,20,2
rainnie,2018-09-20,21,1
rainnie,2018-09-20,22,2
rainnie,2018-09-20,23,1
rainnie,2018-09-21,0,2
rainnie,2018-09-21,1,3
rainnie,2018-09-21,2,2
rainnie,2018-09-21,3,0
rainnie,2018-09-21,4,0
rainnie,2018-09-21,5,0
rainnie,2018-09-21,6,4
rainnie,2018-09-21,7,14
rainnie,2018-09-21,8,39
rainnie,2018-09-21,9,27
rainnie,2018-09-21,10,11
rainnie,2018-09-21,11,5
rainnie,2018-09-21,12,13
rainnie,2018-09-21,13,15
rainnie,2018-09-21,14,8
rainnie,2018-09-21,15,16
rainnie,2018-09-21,16,19
rainnie,2018-09-21,17,22
rainnie,2018-09-21,18,10
rainnie,2018-09-21,19,8
rainnie,2018-09-21,20,7
rainnie,2018-09-21,21,1
rainnie,2018-09-21,22,5
rainnie,2018-09-21,23,5
rainnie,2018-09-22,0,4
rainnie,2018-09-22,1,2
rainnie,2018-09-22,2,0
rainnie,2018-09-22,3,0
rainnie,2018-09-22,4,0
rainnie,2018-09-22,5,0
rainnie,2018-09-22,6,0
rainnie,2018-09-22,7,2
rainnie,2018-09-22,8,4
rainnie,2018-09-22,9,3
rainnie,2018-09-22,10,1
rainnie,2018-09-22,11,3
rainnie,2018-09-22,12,2
rainnie,2018-09-22,13,3
rainnie,2018-09-22,14,5
rainnie,2018-09-22,15,2
rainnie,2018-09-22,16,13
rainnie,2018-09-22,17,5
rainnie,2018-09-22,18,5
rainnie,2018-09-22,19,11
rainnie,2018-09-22,20,3
rainnie,2018-09-22,21,2
rainnie,2018-09-22,22,1
rainnie,2018-09-22,23,2
rainnie,2018-09-23,0,0
rainnie,2018-09-23,1,0
rainnie,2018-09-23,2,0
rainnie,2018-09-23,3,0
rainnie,2018-09-23,4,0
rainnie,2018-09-23,5,0
rainnie,2018-09-23,6,1
rainnie,2018-09-23,7,0
rainnie,2018-09-23,8,6
rainnie,2018-09-23,9,2
rainnie,2018-09-23,10,1
rainnie,2018-09-23,11,2
rainnie,2018-09-23,12,14
rainnie,2018-09-23,13,8
rainnie,2018-09-23,14,11
rainnie,2018-09-23,15,12
rainnie,2018-09-23,16,7
rainnie,2018-09-23,17,7
rainnie,2018-09-23,18,9
rainnie,2018-09-23,19,2
rainnie,2018-09-23,20,1
rainnie,2018-09-23,21,4
rainnie,2018-09-23,22,2
rainnie,2018-09-23,23,1
rainnie,2018-09-24,0,1
rainnie,2018-09-24,1,0
rainnie,2018-09-24,2,0
rainnie,2018-09-24,3,0
rainnie,2018-09-24,4,0
rainnie,2018-09-24,5,1
rainnie,2018-09-24,6,5
rainnie,2018-09-24,7,11
rainnie,2018-09-24,8,48
rainnie,2018-09-24,9,27
rainnie,2018-09-24,10,6
rainnie,2018-09-24,11,7
rainnie,2018-09-24,12,11
rainnie,2018-09-24,13,21
rainnie,2018-09-24,14,10
rainnie,2018-09-24,15,11
rainnie,2018-09-24,16,17
rainnie,2018-09-24,17,25
rainnie,2018-09-24,18,12
rainnie,2018-09-24,19,6
rainnie,2018-09-24,20,8
rainnie,2018-09-24,21,5
rainnie,2018-09-24,22,5
rainnie,2018-09-24,23,1
rainnie,2018-09-25,0,0
rainnie,2018-09-25,1,0
rainnie,2018-09-25,2,0
rainnie,2018-09-25,3,0
rainnie,2018-09-25,4,1
rainnie,2018-09-25,5,0
rainnie,2018-09-25,6,4
rainnie,2018-09-25,7,10
rainnie,2018-09-25,8,51
rainnie,2018-09-25,9,33
rainnie,2018-09-25,10,11
rainnie,2018-09-25,11,6
rainnie,2018-09-25,12,14
rainnie,2018-09-25,13,16
rainnie,2018-09-25,14,12
rainnie,2018-09-25,15,16
rainnie,2018-09-25,16,17
rainnie,2018-09-25,17,17
rainnie,2018-09-25,18,9
rainnie,2018-09-25,19,4
rainnie,2018-09-25,20,9
rainnie,2018-09-25,21,3
rainnie,2018-09-25,22,2
rainnie,2018-09-25,23,0
rainnie,2018-09-26,0,1
rainnie,2018-09-26,1,0
rainnie,2018-09-26,2,0
rainnie,2018-09-26,3,0
rainnie,2018-09-26,4,0
rainnie,2018-09-26,5,0
rainnie,2018-09-26,6,2
rainnie,2018-09-26,7,9
rainnie,2018-09-26,8,19
rainnie,2018-09-26,9,8
rainnie,2018-09-26,10,4
rainnie,2018-09-26,11,4
rainnie,2018-09-26,12,5
rainnie,2018-09-26,13,7
rainnie,2018-09-26,14,3
rainnie,2018-09-26,15,4
rainnie,2018-09-26,16,7
rainnie,2018-09-26,17,4
rainnie,2018-09-26,18,3
rainnie,2018-09-26,19,3
rainnie,2018-09-26,20,0
rainnie,2018-09-26,21,1
rainnie,2018-09-26,22,0
rainnie,2018-09-26,23,1
rainnie,2018-09-27,0,0
rainnie,2018-09-27,1,0
rainnie,2018-09-27,2,0
rainnie,2018-09-27,3,0
rainnie,2018-09-27,4,0
rainnie,2018-09-27,5,1
rainnie,2018-09-27,6,4
rainnie,2018-09-27,7,6
rainnie,2018-09-27,8,19
rainnie,2018-09-27,9,10
rainnie,2018-09-27,10,5
rainnie,2018-09-27,11,1
rainnie,2018-09-27,12,2
rainnie,2018-09-27,13,2
rainnie,2018-09-27,14,4
rainnie,2018-09-27,15,7
rainnie,2018-09-27,16,8
rainnie,2018-09-27,17,13
rainnie,2018-09-27,18,2
rainnie,2018-09-27,19,12
rainnie,2018-09-27,20,4
rainnie,2018-09-27,21,5
rainnie,2018-09-27,22,2
rainnie,2018-09-27,23,2
rainnie,2018-09-28,0,3
rainnie,2018-09-28,1,0
rainnie,2018-09-28,2,0
rainnie,2018-09-28,3,0
rainnie,2018-09-28,4,0
rainnie,2018-09-28,5,1
rainnie,2018-09-28,6,4
rainnie,2018-09-28,7,5
rainnie,2018-09-28,8,20
rainnie,2018-09-28,9,16
rainnie,2018-09-28,10,2
rainnie,2018-09-28,11,7
rainnie,2018-09-28,12,7
rainnie,2018-09-28,13,3
rainnie,2018-09-28,14,7
rainnie,2018-09-28,15,4
rainnie,2018-09-28,16,13
rainnie,2018-09-28,17,12
rainnie,2018-09-28,18,6
rainnie,2018-09-28,19,5
rainnie,2018-09-28,20,5
rainnie,2018-09-28,21,0
rainnie,2018-09-28,22,2
rainnie,2018-09-28,23,2
rainnie,2018-09-29,0,2
rainnie,2018-09-29,1,0
rainnie,2018-09-29,2,2
rainnie,2018-09-29,3,0
rainnie,2018-09-29,4,0
rainnie,2018-09-29,5,0
rainnie,2018-09-29,6,1
rainnie,2018-09-29,7,2
rainnie,2018-09-29,8,6
rainnie,2018-09-29,9,3
rainnie,2018-09-29,10,4
rainnie,2018-09-29,11,3
rainnie,2018-09-29,12,4
rainnie,2018-09-29,13,10
rainnie,2018-09-29,14,6
rainnie,2018-09-29,15,5
rainnie,2018-09-29,16,17
rainnie,2018-09-29,17,32
rainnie,2018-09-29,18,11
rainnie,2018-09-29,19,7
rainnie,2018-09-29,20,7
rainnie,2018-09-29,21,6
rainnie,2018-09-29,22,7
rainnie,2018-09-29,23,2
rainnie,2018-09-30,0,0
rainnie,2018-09-30,1,2
rainnie,2018-09-30,2,2
rainnie,2018-09-30,3,0
rainnie,2018-09-30,4,0
rainnie,2018-09-30,5,1
rainnie,2018-09-30,6,1
rainnie,2018-09-30,7,1
rainnie,2018-09-30,8,4
rainnie,2018-09-30,9,6
rainnie,2018-09-30,10,4
rainnie,2018-09-30,11,3
rainnie,2018-09-30,12,2
rainnie,2018-09-30,13,4
rainnie,2018-09-30,14,5
rainnie,2018-09-30,15,11
rainnie,2018-09-30,16,5
rainnie,2018-09-30,17,3
rainnie,2018-09-30,18,9
rainnie,2018-09-30,19,1
rainnie,2018-09-30,20,3
rainnie,2018-09-30,21,0
rainnie,2018-09-30,22,2
rainnie,2018-09-30,23,1
rainnie,2018-10-01,0,1
rainnie,2018-10-01,1,0
rainnie,2018-10-01,2,0
rainnie,2018-10-01,3,0
rainnie,2018-10-01,4,0
rainnie,2018-10-01,5,0
rainnie,2018-10-01,6,6
rainnie,2018-10-01,7,9
rainnie,2018-10-01,8,54
rainnie,2018-10-01,9,22
rainnie,2018-10-01,10,8
rainnie,2018-10-01,11,8
rainnie,2018-10-01,12,17
rainnie,2018-10-01,13,14
rainnie,2018-10-01,14,8
rainnie,2018-10-01,15,5
rainnie,2018-10-01,16,19
rainnie,2018-10-01,17,18
rainnie,2018-10-01,18,5
rainnie,2018-10-01,19,6
rainnie,2018-10-01,20,3
rainnie,2018-10-01,21,5
rainnie,2018-10-01,22,1
rainnie,2018-10-01,23,0
rainnie,2018-10-02,0,1
rainnie,2018-10-02,1,1
rainnie,2018-10-02,2,0
rainnie,2018-10-02,3,0
rainnie,2018-10-02,4,0
rainnie,2018-10-02,5,1
rainnie,2018-10-02,6,3
rainnie,2018-10-02,7,7
rainnie,2018-10-02,8,40
rainnie,2018-10-02,9,22
rainnie,2018-10-02,10,11
rainnie,2018-10-02,11,9
rainnie,2018-10-02,12,3
rainnie,2018-10-02,13,6
rainnie,2018-10-02,14,5
rainnie,2018-10-02,15,2
rainnie,2018-10-02,16,11
rainnie,2018-10-02,17,10
rainnie,2018-10-02,18,3
rainnie,2018-10-02,19,2
rainnie,2018-10-02,20,4
rainnie,2018-10-02,21,2
rainnie,2018-10-02,22,2
rainnie,2018-10-02,23,0
rainnie,2018-10-03,0,1
rainnie,2018-10-03,1,0
rainnie,2018-10-03,2,0
rainnie,2018-10-03,3,0
rainnie,2018-10-03,4,0
rainnie,2018-10-03,5,0
rainnie,2018-10-03,6,1
rainnie,2018-10-03,7,3
rainnie,2018-10-03,8,10
rainnie,2018-10-03,9,3
rainnie,2018-10-03,10,6
rainnie,2018-10-03,11,2
rainnie,2018-10-03,12,1
rainnie,2018-10-03,13,5
rainnie,2018-10-03,14,4
rainnie,2018-10-03,15,3
rainnie,2018-10-03,16,1
rainnie,2018-10-03,17,6
rainnie,2018-10-03,18,3
rainnie,2018-10-03,19,2
rainnie,2018-10-03,20,1
rainnie,2018-10-03,21,1
rainnie,2018-10-03,22,1
rainnie,2018-10-03,23,2
rainnie,2018-10-04,0,1
rainnie,2018-10-04,1,0
rainnie,2018-10-04,2,0
rainnie,2018-10-04,3,0
rainnie,2018-10-04,4,1
rainnie,2018-10-04,5,1
rainnie,2018-10-04,6,4
rainnie,2018-10-04,7,12
rainnie,2018-10-04,8,38
rainnie,2018-10-04,9,16
rainnie,2018-10-04,10,8
rainnie,2018-10-04,11,4
rainnie,2018-10-04,12,9
rainnie,2018-10-04,13,13
rainnie,2018-10-04,14,10
rainnie,2018-10-04,15,12
rainnie,2018-10-04,16,17
rainnie,2018-10-04,17,16
rainnie,2018-10-04,18,3
rainnie,2018-10-04,19,6
rainnie,2018-10-04,20,6
rainnie,2018-10-04,21,2
rainnie,2018-10-04,22,3
rainnie,2018-10-04,23,2
rainnie,2018-10-05,0,2
rainnie,2018-10-05,1,0
rainnie,2018-10-05,2,1
rainnie,2018-10-05,3,0
rainnie,2018-10-05,4,1
rainnie,2018-10-05,5,0
rainnie,2018-10-05,6,5
rainnie,2018-10-05,7,15
rainnie,2018-10-05,8,28
rainnie,2018-10-05,9,21
rainnie,2018-10-05,10,8
rainnie,2018-10-05,11,7
rainnie,2018-10-05,12,11
rainnie,2018-10-05,13,8
rainnie,2018-10-05,14,7
rainnie,2018-10-05,15,15
rainnie,2018-10-05,16,21
rainnie,2018-10-05,17,11
rainnie,2018-10-05,18,7
rainnie,2018-10-05,19,5
rainnie,2018-10-05,20,5
rainnie,2018-10-05,21,1
rainnie,2018-10-05,22,4
rainnie,2018-10-05,23,2
rainnie,2018-10-06,0,2
rainnie,2018-10-06,1,1
rainnie,2018-10-06,2,0
rainnie,2018-10-06,3,0
rainnie,2018-10-06,4,0
rainnie,2018-10-06,5,0
rainnie,2018-10-06,6,1
rainnie,2018-10-06,7,1
rainnie,2018-10-06,8,4
rainnie,2018-10-06,9,4
rainnie,2018-10-06,10,1
rainnie,2018-10-06,11,4
rainnie,2018-10-06,12,3
rainnie,2018-10-06,13,7
rainnie,2018-10-06,14,3
rainnie,2018-10-06,15,7
rainnie,2018-10-06,16,4
rainnie,2018-10-06,17,4
rainnie,2018-10-06,18,3
rainnie,2018-10-06,19,3
rainnie,2018-10-06,20,3
rainnie,2018-10-06,21,0
rainnie,2018-10-06,22,4
rainnie,2018-10-06,23,0
rainnie,2018-10-07,0,0
rainnie,2018-10-07,1,0
rainnie,2018-10-07,2,1
rainnie,2018-10-07,3,0
rainnie,2018-10-07,4,0
rainnie,2018-10-07,5,0
rainnie,2018-10-07,6,1
rainnie,2018-10-07,7,1
rainnie,2018-10-07,8,1
rainnie,2018-10-07,9,1
rainnie,2018-10-07,10,2
rainnie,2018-10-07,11,3
rainnie,2018-10-07,12,1
rainnie,2018-10-07,13,3
rainnie,2018-10-07,14,4
rainnie,2018-10-07,15,1
rainnie,2018-10-07,16,1
rainnie,2018-10-07,17,0
rainnie,2018-10-07,18,0
rainnie,2018-10-07,19,0
rainnie,2018-10-07,20,2
rainnie,2018-10-07,21,1
rainnie,2018-10-07,22,0
rainnie,2018-10-07,23,0
rainnie,2018-10-08,0,0
rainnie,2018-10-08,1,0
rainnie,2018-10-08,2,0
rainnie,2018-10-08,3,2
rainnie,2018-10-08,4,0
rainnie,2018-10-08,5,0
rainnie,2018-10-08,6,2
rainnie,2018-10-08,7,0
rainnie,2018-10-08,8,0
rainnie,2018-10-08,9,3
rainnie,2018-10-08,10,0
rainnie,2018-10-08,11,4
rainnie,2018-10-08,12,1
rainnie,2018-10-08,13,8
rainnie,2018-10-08,14,4
rainnie,2018-10-08,15,2
rainnie,2018-10-08,16,1
rainnie,2018-10-08,17,7
rainnie,2018-10-08,18,0
rainnie,2018-10-08,19,3
rainnie,2018-10-08,20,0
rainnie,2018-10-08,21,0
rainnie,2018-10-08,22,0
rainnie,2018-10-08,23,2
rainnie,2018-10-09,0,1
rainnie,2018-10-09,1,0
rainnie,2018-10-09,2,2
rainnie,2018-10-09,3,0
rainnie,2018-10-09,4,0
rainnie,2018-10-09,5,0
rainnie,2018-10-09,6,2
rainnie,2018-10-09,7,9
rainnie,2018-10-09,8,36
rainnie,2018-10-09,9,27
rainnie,2018-10-09,10,11
rainnie,2018-10-09,11,6
rainnie,2018-10-09,12,8
rainnie,2018-10-09,13,19
rainnie,2018-10-09,14,5
rainnie,2018-10-09,15,27
rainnie,2018-10-09,16,22
rainnie,2018-10-09,17,20
rainnie,2018-10-09,18,4
rainnie,2018-10-09,19,5
rainnie,2018-10-09,20,1
rainnie,2018-10-09,21,5
rainnie,2018-10-09,22,1
rainnie,2018-10-09,23,2
rainnie,2018-10-10,0,0
rainnie,2018-10-10,1,0
rainnie,2018-10-10,2,0
rainnie,2018-10-10,3,0
rainnie,2018-10-10,4,0
rainnie,2018-10-10,5,2
rainnie,2018-10-10,6,4
rainnie,2018-10-10,7,11
rainnie,2018-10-10,8,44
rainnie,2018-10-10,9,18
rainnie,2018-10-10,10,9
rainnie,2018-10-10,11,10
rainnie,2018-10-10,12,14
rainnie,2018-10-10,13,8
rainnie,2018-10-10,14,8
rainnie,2018-10-10,15,10
rainnie,2018-10-10,16,17
rainnie,2018-10-10,17,13
rainnie,2018-10-10,18,9
rainnie,2018-10-10,19,6
rainnie,2018-10-10,20,4
rainnie,2018-10-10,21,3
rainnie,2018-10-10,22,4
rainnie,2018-10-10,23,2
rainnie,2018-10-11,0,2
rainnie,2018-10-11,1,1
rainnie,2018-10-11,2,0
rainnie,2018-10-11,3,0
rainnie,2018-10-11,4,0
rainnie,2018-10-11,5,0
rainnie,2018-10-11,6,3
rainnie,2018-10-11,7,5
rainnie,2018-10-11,8,16
rainnie,2018-10-11,9,13
rainnie,2018-10-11,10,4
rainnie,2018-10-11,11,1
rainnie,2018-10-11,12,4
rainnie,2018-10-11,13,10
rainnie,2018-10-11,14,4
rainnie,2018-10-11,15,3
rainnie,2018-10-11,16,9
rainnie,2018-10-11,17,9
rainnie,2018-10-11,18,0
rainnie,2018-10-11,19,3
rainnie,2018-10-11,20,0
rainnie,2018-10-11,21,1
rainnie,2018-10-11,22,1
rainnie,2018-10-11,23,2
rainnie,2018-10-12,0,0
rainnie,2018-10-12,1,0
rainnie,2018-10-12,2,0
rainnie,2018-10-12,3,0
rainnie,2018-10-12,4,0
rainnie,2018-10-12,5,0
rainnie,2018-10-12,6,1
rainnie,2018-10-12,7,4
rainnie,2018-10-12,8,8
rainnie,2018-10-12,9,14
rainnie,2018-10-12,10,4
rainnie,2018-10-12,11,7
rainnie,2018-10-12,12,5
rainnie,2018-10-12,13,3
rainnie,2018-10-12,14,4
rainnie,2018-10-12,15,3
rainnie,2018-10-12,16,6
rainnie,2018-10-12,17,9
rainnie,2018-10-12,18,3
rainnie,2018-10-12,19,2
rainnie,2018-10-12,20,1
rainnie,2018-10-12,21,0
rainnie,2018-10-12,22,1
rainnie,2018-10-12,23,2
rainnie,2018-10-13,0,1
rainnie,2018-10-13,1,1
rainnie,2018-10-13,2,0
rainnie,2018-10-13,3,0
rainnie,2018-10-13,4,0
rainnie,2018-10-13,5,1
rainnie,2018-10-13,6,0
rainnie,2018-10-13,7,3
rainnie,2018-10-13,8,1
rainnie,2018-10-13,9,7
rainnie,2018-10-13,10,4
rainnie,2018-10-13,11,4
rainnie,2018-10-13,12,6
rainnie,2018-10-13,13,5
rainnie,2018-10-13,14,5
rainnie,2018-10-13,15,5
rainnie,2018-10-13,16,4
rainnie,2018-10-13,17,6
rainnie,2018-10-13,18,3
rainnie,2018-10-13,19,8
rainnie,2018-10-13,20,5
rainnie,2018-10-13,21,1
rainnie,2018-10-13,22,2
rainnie,2018-10-13,23,1
rainnie,2018-10-14,0,1
rainnie,2018-10-14,1,0
rainnie,2018-10-14,2,1
rainnie,2018-10-14,3,0
rainnie,2018-10-14,4,0
rainnie,2018-10-14,5,0
rainnie,2018-10-14,6,2
rainnie,2018-10-14,7,0
rainnie,2018-10-14,8,2
rainnie,2018-10-14,9,0
rainnie,2018-10-14,10,2
rainnie,2018-10-14,11,4
rainnie,2018-10-14,12,7
rainnie,2018-10-14,13,10
rainnie,2018-10-14,14,3
rainnie,2018-10-14,15,6
rainnie,2018-10-14,16,1
rainnie,2018-10-14,17,6
rainnie,2018-10-14,18,1
rainnie,2018-10-14,19,3
rainnie,2018-10-14,20,1
rainnie,2018-10-14,21,2
rainnie,2018-10-14,22,0
rainnie,2018-10-14,23,2
rainnie,2018-10-15,0,1
rainnie,2018-10-15,1,0
rainnie,2018-10-15,2,0
rainnie,2018-10-15,3,0
rainnie,2018-10-15,4,0
rainnie,2018-10-15,5,0
rainnie,2018-10-15,6,6
rainnie,2018-10-15,7,7
rainnie,2018-10-15,8,34
rainnie,2018-10-15,9,11
rainnie,2018-10-15,10,7
rainnie,2018-10-15,11,9
rainnie,2018-10-15,12,11
rainnie,2018-10-15,13,12
rainnie,2018-10-15,14,8
rainnie,2018-10-15,15,10
rainnie,2018-10-15,16,16
rainnie,2018-10-15,17,10
rainnie,2018-10-15,18,5
rainnie,2018-10-15,19,3
rainnie,2018-10-15,20,2
rainnie,2018-10-15,21,3
rainnie,2018-10-15,22,2
rainnie,2018-10-15,23,1
rainnie,2018-10-16,0,0
rainnie,2018-10-16,1,0
rainnie,2018-10-16,2,0
rainnie,2018-10-16,3,0
rainnie,2018-10-16,4,0
rainnie,2018-10-16,5,0
rainnie,2018-10-16,6,1
rainnie,2018-10-16,7,3
rainnie,2018-10-16,8,37
rainnie,2018-10-16,9,21
rainnie,2018-10-16,10,5
rainnie,2018-10-16,11,3
rainnie,2018-10-16,12,11
rainnie,2018-10-16,13,12
rainnie,2018-10-16,14,8
rainnie,2018-10-16,15,9
rainnie,2018-10-16,16,14
rainnie,2018-10-16,17,10
rainnie,2018-10-16,18,10
rainnie,2018-10-16,19,3
rainnie,2018-10-16,20,7
rainnie,2018-10-16,21,2
rainnie,2018-10-16,22,1
rainnie,2018-10-16,23,1
rainnie,2018-10-17,0,1
rainnie,2018-10-17,1,0
rainnie,2018-10-17,2,0
rainnie,2018-10-17,3,0
rainnie,2018-10-17,4,0
rainnie,2018-10-17,5,0
rainnie,2018-10-17,6,3
rainnie,2018-10-17,7,11
rainnie,2018-10-17,8,33
rainnie,2018-10-17,9,19
rainnie,2018-10-17,10,10
rainnie,2018-10-17,11,10
rainnie,2018-10-17,12,7
rainnie,2018-10-17,13,5
rainnie,2018-10-17,14,11
rainnie,2018-10-17,15,6
rainnie,2018-10-17,16,18
rainnie,2018-10-17,17,12
rainnie,2018-10-17,18,10
rainnie,2018-10-17,19,4
rainnie,2018-10-17,20,1
rainnie,2018-10-17,21,3
rainnie,2018-10-17,22,3
rainnie,2018-10-17,23,3
rainnie,2018-10-18,0,0
rainnie,2018-10-18,1,1
rainnie,2018-10-18,2,0
rainnie,2018-10-18,3,0
rainnie,2018-10-18,4,0
rainnie,2018-10-18,5,1
rainnie,2018-10-18,6,4
rainnie,2018-10-18,7,6
rainnie,2018-10-18,8,40
rainnie,2018-10-18,9,18
rainnie,2018-10-18,10,7
rainnie,2018-10-18,11,4
rainnie,2018-10-18,12,8
rainnie,2018-10-18,13,4
rainnie,2018-10-18,14,8
rainnie,2018-10-18,15,9
rainnie,2018-10-18,16,16
rainnie,2018-10-18,17,12
rainnie,2018-10-18,18,6
rainnie,2018-10-18,19,2
rainnie,2018-10-18,20,0
rainnie,2018-10-18,21,3
rainnie,2018-10-18,22,3
rainnie,2018-10-18,23,2
rainnie,2018-10-19,0,1
rainnie,2018-10-19,1,2
rainnie,2018-10-19,2,0
rainnie,2018-10-19,3,0
rainnie,2018-10-19,4,0
rainnie,2018-10-19,5,1
rainnie,2018-10-19,6,4
rainnie,2018-10-19,7,6
rainnie,2018-10-19,8,27
rainnie,2018-10-19,9,18
rainnie,2018-10-19,10,8
rainnie,2018-10-19,11,11
rainnie,2018-10-19,12,8
rainnie,2018-10-19,13,5
rainnie,2018-10-19,14,9
rainnie,2018-10-19,15,9
rainnie,2018-10-19,16,13
rainnie,2018-10-19,17,11
rainnie,2018-10-19,18,10
rainnie,2018-10-19,19,0
rainnie,2018-10-19,20,1
rainnie,2018-10-19,21,4
rainnie,2018-10-19,22,0
rainnie,2018-10-19,23,1
rainnie,2018-10-20,0,1
rainnie,2018-10-20,1,2
rainnie,2018-10-20,2,0
rainnie,2018-10-20,3,0
rainnie,2018-10-20,4,0
rainnie,2018-10-20,5,1
rainnie,2018-10-20,6,0
rainnie,2018-10-20,7,1
rainnie,2018-10-20,8,5
rainnie,2018-10-20,9,5
rainnie,2018-10-20,10,3
rainnie,2018-10-20,11,0
rainnie,2018-10-20,12,1
rainnie,2018-10-20,13,1
rainnie,2018-10-20,14,3
rainnie,2018-10-20,15,2
rainnie,2018-10-20,16,1
rainnie,2018-10-20,17,0
rainnie,2018-10-20,18,0
rainnie,2018-10-20,19,0
rainnie,2018-10-20,20,1
rainnie,2018-10-20,21,0
rainnie,2018-10-20,22,0
rainnie,2018-10-20,23,0
rainnie,2018-10-21,0,0
rainnie,2018-10-21,1,0
rainnie,2018-10-21,2,0
rainnie,2018-10-21,3,0
rainnie,2018-10-21,4,0
rainnie,2018-10-21,5,0
rainnie,2018-10-21,6,1
rainnie,2018-10-21,7,0
rainnie,2018-10-21,8,3
rainnie,2018-10-21,9,3
rainnie,2018-10-21,10,3
rainnie,2018-10-21,11,3
rainnie,2018-10-21,12,6
rainnie,2018-10-21,13,5
rainnie,2018-10-21,14,8
rainnie,2018-10-21,15,0
rainnie,2018-10-21,16,4
rainnie,2018-10-21,17,5
rainnie,2018-10-21,18,2
rainnie,2018-10-21,19,0
rainnie,2018-10-21,20,1
rainnie,2018-10-21,21,0
rainnie,2018-10-21,22,1
rainnie,2018-10-21,23,3
rainnie,2018-10-22,0,1
rainnie,2018-10-22,1,0
rainnie,2018-10-22,2,1
rainnie,2018-10-22,3,0
rainnie,2018-10-22,4,0
rainnie,2018-10-22,5,0
rainnie,2018-10-22,6,3
rainnie,2018-10-22,7,6
rainnie,2018-10-22,8,30
rainnie,2018-10-22,9,23
rainnie,2018-10-22,10,7
rainnie,2018-10-22,11,5
rainnie,2018-10-22,12,11
rainnie,2018-10-22,13,10
rainnie,2018-10-22,14,4
rainnie,2018-10-22,15,8
rainnie,2018-10-22,16,15
rainnie,2018-10-22,17,17
rainnie,2018-10-22,18,9
rainnie,2018-10-22,19,3
rainnie,2018-10-22,20,3
rainnie,2018-10-22,21,2
rainnie,2018-10-22,22,0
rainnie,2018-10-22,23,3
rainnie,2018-10-23,0,0
rainnie,2018-10-23,1,1
rainnie,2018-10-23,2,0
rainnie,2018-10-23,3,0
rainnie,2018-10-23,4,0
rainnie,2018-10-23,5,0
rainnie,2018-10-23,6,6
rainnie,2018-10-23,7,6
rainnie,2018-10-23,8,33
rainnie,2018-10-23,9,25
rainnie,2018-10-23,10,8
rainnie,2018-10-23,11,2
rainnie,2018-10-23,12,6
rainnie,2018-10-23,13,6
rainnie,2018-10-23,14,6
rainnie,2018-10-23,15,10
rainnie,2018-10-23,16,15
rainnie,2018-10-23,17,15
rainnie,2018-10-23,18,8
rainnie,2018-10-23,19,4
rainnie,2018-10-23,20,2
rainnie,2018-10-23,21,2
rainnie,2018-10-23,22,0
rainnie,2018-10-23,23,1
rainnie,2018-10-24,0,1
rainnie,2018-10-24,1,0
rainnie,2018-10-24,2,0
rainnie,2018-10-24,3,0
rainnie,2018-10-24,4,0
rainnie,2018-10-24,5,0
rainnie,2018-10-24,6,3
rainnie,2018-10-24,7,2
rainnie,2018-10-24,8,28
rainnie,2018-10-24,9,11
rainnie,2018-10-24,10,7
rainnie,2018-10-24,11,3
rainnie,2018-10-24,12,10
rainnie,2018-10-24,13,10
rainnie,2018-10-24,14,5
rainnie,2018-10-24,15,6
rainnie,2018-10-24,16,10
rainnie,2018-10-24,17,6
rainnie,2018-10-24,18,7
rainnie,2018-10-24,19,2
rainnie,2018-10-24,20,3
rainnie,2018-10-24,21,2
rainnie,2018-10-24,22,1
rainnie,2018-10-24,23,3
rainnie,2018-10-25,0,0
rainnie,2018-10-25,1,1
rainnie,2018-10-25,2,0
rainnie,2018-10-25,3,0
rainnie,2018-10-25,4,0
rainnie,2018-10-25,5,0
rainnie,2018-10-25,6,5
rainnie,2018-10-25,7,7
rainnie,2018-10-25,8,38
rainnie,2018-10-25,9,19
rainnie,2018-10-25,10,9
rainnie,2018-10-25,11,7
rainnie,2018-10-25,12,4
rainnie,2018-10-25,13,8
rainnie,2018-10-25,14,4
rainnie,2018-10-25,15,7
rainnie,2018-10-25,16,12
rainnie,2018-10-25,17,13
rainnie,2018-10-25,18,7
rainnie,2018-10-25,19,2
rainnie,2018-10-25,20,1
rainnie,2018-10-25,21,2
rainnie,2018-10-25,22,1
rainnie,2018-10-25,23,3
rainnie,2018-10-26,0,2
rainnie,2018-10-26,1,0
rainnie,2018-10-26,2,0
rainnie,2018-10-26,3,0
rainnie,2018-10-26,4,0
rainnie,2018-10-26,5,0
rainnie,2018-10-26,6,3
rainnie,2018-10-26,7,5
rainnie,2018-10-26,8,22
rainnie,2018-10-26,9,26
rainnie,2018-10-26,10,6
rainnie,2018-10-26,11,9
rainnie,2018-10-26,12,4
rainnie,2018-10-26,13,4
rainnie,2018-10-26,14,6
rainnie,2018-10-26,15,8
rainnie,2018-10-26,16,10
rainnie,2018-10-26,17,9
rainnie,2018-10-26,18,3
rainnie,2018-10-26,19,3
rainnie,2018-10-26,20,2
rainnie,2018-10-26,21,1
rainnie,2018-10-26,22,0
rainnie,2018-10-26,23,2
rainnie,2018-10-27,0,1
rainnie,2018-10-27,1,0
rainnie,2018-10-27,2,1
rainnie,2018-10-27,3,0
rainnie,2018-10-27,4,0
rainnie,2018-10-27,5,0
rainnie,2018-10-27,6,1
rainnie,2018-10-27,7,2
rainnie,2018-10-27,8,2
rainnie,2018-10-27,9,2
rainnie,2018-10-27,10,6
rainnie,2018-10-27,11,2
rainnie,2018-10-27,12,8
rainnie,2018-10-27,13,1
rainnie,2018-10-27,14,1
rainnie,2018-10-27,15,3
rainnie,2018-10-27,16,1
rainnie,2018-10-27,17,4
rainnie,2018-10-27,18,0
rainnie,2018-10-27,19,4
rainnie,2018-10-27,20,0
rainnie,2018-10-27,21,1
rainnie,2018-10-27,22,0
rainnie,2018-10-27,23,1
rainnie,2018-10-28,0,0
rainnie,2018-10-28,1,0
rainnie,2018-10-28,2,0
rainnie,2018-10-28,2,0
rainnie,2018-10-28,3,0
rainnie,2018-10-28,4,0
rainnie,2018-10-28,5,0
rainnie,2018-10-28,6,0
rainnie,2018-10-28,7,0
rainnie,2018-10-28,8,0
rainnie,2018-10-28,9,1
rainnie,2018-10-28,10,1
rainnie,2018-10-28,11,0
rainnie,2018-10-28,12,1
rainnie,2018-10-28,13,1
rainnie,2018-10-28,14,0
rainnie,2018-10-28,15,3
rainnie,2018-10-28,16,1
rainnie,2018-10-28,17,0
rainnie,2018-10-28,18,0
rainnie,2018-10-28,19,0
rainnie,2018-10-28,20,0
rainnie,2018-10-28,21,0
rainnie,2018-10-28,22,0
rainnie,2018-10-28,23,0
rainnie,2018-10-29,0,0
rainnie,2018-10-29,1,1
rainnie,2018-10-29,2,0
rainnie,2018-10-29,3,0
rainnie,2018-10-29,4,0
rainnie,2018-10-29,5,0
rainnie,2018-10-29,6,5
rainnie,2018-10-29,7,8
rainnie,2018-10-29,8,30
rainnie,2018-10-29,9,15
rainnie,2018-10-29,10,6
rainnie,2018-10-29,11,12
rainnie,2018-10-29,12,12
rainnie,2018-10-29,13,11
rainnie,2018-10-29,14,7
rainnie,2018-10-29,15,7
rainnie,2018-10-29,16,19
rainnie,2018-10-29,17,12
rainnie,2018-10-29,18,3
rainnie,2018-10-29,19,4
rainnie,2018-10-29,20,2
rainnie,2018-10-29,21,1
rainnie,2018-10-29,22,1
rainnie,2018-10-29,23,3
rainnie,2018-10-30,0,1
rainnie,2018-10-30,1,1
rainnie,2018-10-30,2,0
rainnie,2018-10-30,3,0
rainnie,2018-10-30,4,0
rainnie,2018-10-30,5,0
rainnie,2018-10-30,6,3
rainnie,2018-10-30,7,8
rainnie,2018-10-30,8,42
rainnie,2018-10-30,9,22
rainnie,2018-10-30,10,6
rainnie,2018-10-30,11,5
rainnie,2018-10-30,12,8
rainnie,2018-10-30,13,6
rainnie,2018-10-30,14,6
rainnie,2018-10-30,15,10
rainnie,2018-10-30,16,12
rainnie,2018-10-30,17,17
rainnie,2018-10-30,18,8
rainnie,2018-10-30,19,1
rainnie,2018-10-30,20,2
rainnie,2018-10-30,21,1
rainnie,2018-10-30,22,0
rainnie,2018-10-30,23,1
rainnie,2018-10-31,0,1
rainnie,2018-10-31,1,0
rainnie,2018-10-31,2,0
rainnie,2018-10-31,3,0
rainnie,2018-10-31,4,0
rainnie,2018-10-31,5,0
rainnie,2018-10-31,6,3
rainnie,2018-10-31,7,3
rainnie,2018-10-31,8,46
rainnie,2018-10-31,9,20
rainnie,2018-10-31,10,5
rainnie,2018-10-31,11,5
rainnie,2018-10-31,12,11
rainnie,2018-10-31,13,10
rainnie,2018-10-31,14,6
rainnie,2018-10-31,15,8
rainnie,2018-10-31,16,17
rainnie,2018-10-31,17,11
rainnie,2018-10-31,18,3
rainnie,2018-10-31,19,4
rainnie,2018-10-31,20,1
rainnie,2018-10-31,21,3
rainnie,2018-10-31,22,1
rainnie,2018-10-31,23,3
rainnie,2018-11-01,0,0
rainnie,2018-11-01,1,0
rainnie,2018-11-01,2,0
rainnie,2018-11-01,3,0
rainnie,2018-11-01,4,0
rainnie,2018-11-01,5,0
rainnie,2018-11-01,6,4
rainnie,2018-11-01,7,8
rainnie,2018-11-01,8,28
rainnie,2018-11-01,9,7
rainnie,2018-11-01,10,6
rainnie,2018-11-01,11,4
rainnie,2018-11-01,12,12
rainnie,2018-11-01,13,6
rainnie,2018-11-01,14,7
rainnie,2018-11-01,15,10
rainnie,2018-11-01,16,9
rainnie,2018-11-01,17,8
rainnie,2018-11-01,18,4
rainnie,2018-11-01,19,6
rainnie,2018-11-01,20,2
rainnie,2018-11-01,21,2
rainnie,2018-11-01,22,1
rainnie,2018-11-01,23,1
rainnie,2018-11-02,0,0
rainnie,2018-11-02,1,1
rainnie,2018-11-02,2,0
rainnie,2018-11-02,3,0
rainnie,2018-11-02,4,0
rainnie,2018-11-02,5,0
rainnie,2018-11-02,6,2
rainnie,2018-11-02,7,4
rainnie,2018-11-02,8,13
rainnie,2018-11-02,9,12
rainnie,2018-11-02,10,6
rainnie,2018-11-02,11,3
rainnie,2018-11-02,12,4
rainnie,2018-11-02,13,4
rainnie,2018-11-02,14,2
rainnie,2018-11-02,15,4
rainnie,2018-11-02,16,8
rainnie,2018-11-02,17,7
rainnie,2018-11-02,18,2
rainnie,2018-11-02,19,1
rainnie,2018-11-02,20,0
rainnie,2018-11-02,21,1
rainnie,2018-11-02,22,1
rainnie,2018-11-02,23,1
rainnie,2018-11-03,0,0
rainnie,2018-11-03,1,0
rainnie,2018-11-03,2,0
rainnie,2018-11-03,3,0
rainnie,2018-11-03,4,0
rainnie,2018-11-03,5,0
rainnie,2018-11-03,6,0
rainnie,2018-11-03,7,0
rainnie,2018-11-03,8,1
rainnie,2018-11-03,9,0
rainnie,2018-11-03,10,0
rainnie,2018-11-03,11,2
rainnie,2018-11-03,12,0
rainnie,2018-11-03,13,2
rainnie,2018-11-03,14,4
rainnie,2018-11-03,15,3
rainnie,2018-11-03,16,1
rainnie,2018-11-03,17,3
rainnie,2018-11-03,18,0
rainnie,2018-11-03,19,0
rainnie,2018-11-03,20,0
rainnie,2018-11-03,21,6
rainnie,2018-11-03,22,1
rainnie,2018-11-03,23,1
rainnie,2018-11-04,0,0
rainnie,2018-11-04,1,1
rainnie,2018-11-04,2,1
rainnie,2018-11-04,3,0
rainnie,2018-11-04,4,1
rainnie,2018-11-04,5,0
rainnie,2018-11-04,6,0
rainnie,2018-11-04,7,2
rainnie,2018-11-04,8,1
rainnie,2018-11-04,9,1
rainnie,2018-11-04,10,2
rainnie,2018-11-04,11,3
rainnie,2018-11-04,12,2
rainnie,2018-11-04,13,5
rainnie,2018-11-04,14,1
rainnie,2018-11-04,15,5
rainnie,2018-11-04,16,1
rainnie,2018-11-04,17,4
rainnie,2018-11-04,18,2
rainnie,2018-11-04,19,0
rainnie,2018-11-04,20,0
rainnie,2018-11-04,21,0
rainnie,2018-11-04,22,2
rainnie,2018-11-04,23,0
rainnie,2018-11-05,0,0
rainnie,2018-11-05,1,1
rainnie,2018-11-05,2,0
rainnie,2018-11-05,3,0
rainnie,2018-11-05,4,0
rainnie,2018-11-05,5,1
rainnie,2018-11-05,6,3
rainnie,2018-11-05,7,5
rainnie,2018-11-05,8,31
rainnie,2018-11-05,9,19
rainnie,2018-11-05,10,9
rainnie,2018-11-05,11,7
rainnie,2018-11-05,12,9
rainnie,2018-11-05,13,13
rainnie,2018-11-05,14,2
rainnie,2018-11-05,15,7
rainnie,2018-11-05,16,16
rainnie,2018-11-05,17,11
rainnie,2018-11-05,18,5
rainnie,2018-11-05,19,3
rainnie,2018-11-05,20,2
rainnie,2018-11-05,21,1
rainnie,2018-11-05,22,3
rainnie,2018-11-05,23,1
rainnie,2018-11-06,0,0
rainnie,2018-11-06,1,0
rainnie,2018-11-06,2,0
rainnie,2018-11-06,3,0
rainnie,2018-11-06,4,0
rainnie,2018-11-06,5,0
rainnie,2018-11-06,6,3
rainnie,2018-11-06,7,6
rainnie,2018-11-06,8,18
rainnie,2018-11-06,9,6
rainnie,2018-11-06,10,3
rainnie,2018-11-06,11,3
rainnie,2018-11-06,12,1
rainnie,2018-11-06,13,1
rainnie,2018-11-06,14,4
rainnie,2018-11-06,15,5
rainnie,2018-11-06,16,6
rainnie,2018-11-06,17,7
rainnie,2018-11-06,18,0
rainnie,2018-11-06,19,0
rainnie,2018-11-06,20,2
rainnie,2018-11-06,21,0
rainnie,2018-11-06,22,0
rainnie,2018-11-06,23,1
rainnie,2018-11-07,0,0
rainnie,2018-11-07,1,0
rainnie,2018-11-07,2,0
rainnie,2018-11-07,3,1
rainnie,2018-11-07,4,0
rainnie,2018-11-07,5,0
rainnie,2018-11-07,6,2
rainnie,2018-11-07,7,3
rainnie,2018-11-07,8,30
rainnie,2018-11-07,9,18
rainnie,2018-11-07,10,6
rainnie,2018-11-07,11,2
rainnie,2018-11-07,12,6
rainnie,2018-11-07,13,8
rainnie,2018-11-07,14,9
rainnie,2018-11-07,15,7
rainnie,2018-11-07,16,15
rainnie,2018-11-07,17,14
rainnie,2018-11-07,18,5
rainnie,2018-11-07,19,4
rainnie,2018-11-07,20,0
rainnie,2018-11-07,21,3
rainnie,2018-11-07,22,1
rainnie,2018-11-07,23,2
rainnie,2018-11-08,0,0
rainnie,2018-11-08,1,0
rainnie,2018-11-08,2,0
rainnie,2018-11-08,3,0
rainnie,2018-11-08,4,0
rainnie,2018-11-08,5,2
rainnie,2018-11-08,6,3
rainnie,2018-11-08,7,7
rainnie,2018-11-08,8,32
rainnie,2018-11-08,9,21
rainnie,2018-11-08,10,11
rainnie,2018-11-08,11,11
rainnie,2018-11-08,12,13
rainnie,2018-11-08,13,8
rainnie,2018-11-08,14,5
rainnie,2018-11-08,15,5
rainnie,2018-11-08,16,24
rainnie,2018-11-08,17,13
rainnie,2018-11-08,18,4
rainnie,2018-11-08,19,9
rainnie,2018-11-08,20,5
rainnie,2018-11-08,21,4
rainnie,2018-11-08,22,0
rainnie,2018-11-08,23,2
rainnie,2018-11-09,0,5
rainnie,2018-11-09,1,0
rainnie,2018-11-09,2,1
rainnie,2018-11-09,3,0
rainnie,2018-11-09,4,0
rainnie,2018-11-09,5,0
rainnie,2018-11-09,6,6
rainnie,2018-11-09,7,7
rainnie,2018-11-09,8,31
rainnie,2018-11-09,9,16
rainnie,2018-11-09,10,9
rainnie,2018-11-09,11,8
rainnie,2018-11-09,12,8
rainnie,2018-11-09,13,8
rainnie,2018-11-09,14,4
rainnie,2018-11-09,15,5
rainnie,2018-11-09,16,9
rainnie,2018-11-09,17,10
rainnie,2018-11-09,18,5
rainnie,2018-11-09,19,0
rainnie,2018-11-09,20,2
rainnie,2018-11-09,21,5
rainnie,2018-11-09,22,1
rainnie,2018-11-09,23,2
rainnie,2018-11-10,0,0
rainnie,2018-11-10,1,0
rainnie,2018-11-10,2,1
rainnie,2018-11-10,3,0
rainnie,2018-11-10,4,0
rainnie,2018-11-10,5,0
rainnie,2018-11-10,6,0
rainnie,2018-11-10,7,0
rainnie,2018-11-10,8,0
rainnie,2018-11-10,9,2
rainnie,2018-11-10,10,2
rainnie,2018-11-10,11,2
rainnie,2018-11-10,12,1
rainnie,2018-11-10,13,0
rainnie,2018-11-10,14,0
rainnie,2018-11-10,15,1
rainnie,2018-11-10,16,1
rainnie,2018-11-10,17,0
rainnie,2018-11-10,18,2
rainnie,2018-11-10,19,0
rainnie,2018-11-10,20,2
rainnie,2018-11-10,21,2
rainnie,2018-11-10,22,1
rainnie,2018-11-10,23,0
rainnie,2018-11-11,0,0
rainnie,2018-11-11,1,0
rainnie,2018-11-11,2,0
rainnie,2018-11-11,3,0
rainnie,2018-11-11,4,0
rainnie,2018-11-11,5,0
rainnie,2018-11-11,6,0
rainnie,2018-11-11,7,1
rainnie,2018-11-11,8,1
rainnie,2018-11-11,9,2
rainnie,2018-11-11,10,12
rainnie,2018-11-11,11,5
rainnie,2018-11-11,12,10
rainnie,2018-11-11,13,3
rainnie,2018-11-11,14,1
rainnie,2018-11-11,15,5
rainnie,2018-11-11,16,4
rainnie,2018-11-11,17,1
rainnie,2018-11-11,18,0
rainnie,2018-11-11,19,0
rainnie,2018-11-11,20,1
rainnie,2018-11-11,21,1
rainnie,2018-11-11,22,1
rainnie,2018-11-11,23,0
rainnie,2018-11-12,0,0
rainnie,2018-11-12,1,1
rainnie,2018-11-12,2,0
rainnie,2018-11-12,3,0
rainnie,2018-11-12,4,0
rainnie,2018-11-12,5,0
rainnie,2018-11-12,6,0
rainnie,2018-11-12,7,1
rainnie,2018-11-12,8,6
rainnie,2018-11-12,9,3
rainnie,2018-11-12,10,3
rainnie,2018-11-12,11,2
rainnie,2018-11-12,12,8
rainnie,2018-11-12,13,4
rainnie,2018-11-12,14,1
rainnie,2018-11-12,15,0
rainnie,2018-11-12,16,4
rainnie,2018-11-12,17,4
rainnie,2018-11-12,18,1
rainnie,2018-11-12,19,3
rainnie,2018-11-12,20,0
rainnie,2018-11-12,21,2
rainnie,2018-11-12,22,0
rainnie,2018-11-12,23,0
rainnie,2018-11-13,0,0
rainnie,2018-11-13,1,0
rainnie,2018-11-13,2,0
rainnie,2018-11-13,3,0
rainnie,2018-11-13,4,0
rainnie,2018-11-13,5,0
rainnie,2018-11-13,6,2
rainnie,2018-11-13,7,8
rainnie,2018-11-13,8,15
rainnie,2018-11-13,9,17
rainnie,2018-11-13,10,3
rainnie,2018-11-13,11,2
rainnie,2018-11-13,12,6
rainnie,2018-11-13,13,6
rainnie,2018-11-13,14,1
rainnie,2018-11-13,15,0
rainnie,2018-11-13,16,8
rainnie,2018-11-13,17,5
rainnie,2018-11-13,18,1
rainnie,2018-11-13,19,1
rainnie,2018-11-13,20,0
rainnie,2018-11-13,21,1
rainnie,2018-11-13,22,0
rainnie,2018-11-13,23,1
rainnie,2018-11-14,0,0
rainnie,2018-11-14,1,0
rainnie,2018-11-14,2,0
rainnie,2018-11-14,3,0
rainnie,2018-11-14,4,0
rainnie,2018-11-14,5,1
rainnie,2018-11-14,6,2
rainnie,2018-11-14,7,1
rainnie,2018-11-14,8,14
rainnie,2018-11-14,9,14
rainnie,2018-11-14,10,6
rainnie,2018-11-14,11,5
rainnie,2018-11-14,12,4
rainnie,2018-11-14,13,7
rainnie,2018-11-14,14,1
rainnie,2018-11-14,15,4
rainnie,2018-11-14,16,6
rainnie,2018-11-14,17,6
rainnie,2018-11-14,18,1
rainnie,2018-11-14,19,3
rainnie,2018-11-14,20,0
rainnie,2018-11-14,21,0
rainnie,2018-11-14,22,0
rainnie,2018-11-14,23,2
rainnie,2018-11-15,0,1
rainnie,2018-11-15,1,0
rainnie,2018-11-15,2,0
rainnie,2018-11-15,3,0
rainnie,2018-11-15,4,0
rainnie,2018-11-15,5,0
rainnie,2018-11-15,6,1
rainnie,2018-11-15,7,3
rainnie,2018-11-15,8,22
rainnie,2018-11-15,9,7
rainnie,2018-11-15,10,4
rainnie,2018-11-15,11,2
rainnie,2018-11-15,12,5
rainnie,2018-11-15,13,6
rainnie,2018-11-15,14,1
rainnie,2018-11-15,15,5
rainnie,2018-11-15,16,15
rainnie,2018-11-15,17,5
rainnie,2018-11-15,18,4
rainnie,2018-11-15,19,0
rainnie,2018-11-15,20,0
rainnie,2018-11-15,21,2
rainnie,2018-11-15,22,0
rainnie,2018-11-15,23,1
